{
  "document_version": 1,
  "request_id": "TXN-938475",
  "merchant_id": "M-2039",
  "merchant_name": "Starbucks Coffee #1234",
  "merchant_profile": {
    "reseller_id": "RS-45",
    "reseller_name": "QuickPay Solutions",
    "portfolio_id": "PF-800",
    "portfolio_name": "5812"
  },
  "is_settled": true,
  "is_funded": true,
  "has_chargeback": false,
  "has_fees": true,
  "original_transaction": {
    "amount": 12.5,
    "currency": "USD",
    "payment_method": "Bank Transfer",
    "entry_method": "contactless",
    "processor": "PROC-998877",
    "timestamp": "2025-11-01T19:30:00Z",
    "auth_code": "123456",
    "upd_timestamp": "2025-11-01T19:30:00Z"
  },
  "settlement": {
    "settlement_id": "SET-6789",
    "batch_id": "BATCH-1002",
    "net_amount": 12,
    "currency": "USD",
    "date": "2025-11-02",
    "bank_ref": "BANK-ABC-12345",
    "timestamp": "2025-11-01T19:30:00Z",
    "status_code": "COMPLETE",
    "upd_timestamp": "2025-11-01T19:30:00Z"
  },
  "funding": {
    "id": "FUND-333",
    "bank_account_id": "ACCT-9876",
    "funded_amount": 12,
    "deposist_id": "deposit-001",
    "currency": "USD",
    "timestamp": "2025-11-03T10:00:00Z",
    "upd_timestamp": "2025-11-01T19:30:00Z"
  },
  "fees": [
    {
      "fee_id": "FEE-45",
      "fee_type": "transaction_rate",
      "fee_amount": 0.3,
      "fee_currency": "USD"
    },
    {
      "fee_id": "FEE-46",
      "fee_type": "interchange",
      "fee_amount": 0.2,
      "fee_currency": "USD"
    }
  ],
  "chargebacks": [
    {
      "id": "CB-112233",
      "amount": 12.5,
      "reason_code": "30",
      "timestamp": "2025-11-10T09:00:00Z",
      "status": "pending_merchant_response"
    }
  ]
}



{
  "document_version": 1,
  "request_id": "TXN-938475",
  "merchant_id": "M-2039",
  "merchant_name": "Starbucks Coffee #1234",
  "merchant_profile": {
    "reseller_id": "RS-45",
    "reseller_name": "QuickPay Solutions",
    "portfolio_id": "PF-800",
    "portfolio_name": "5812"
  },
  "is_settled": true,
  "is_funded": true,
  "has_chargeback": false,
  "has_fees": true,
  "original_transaction": {
    "amount": 12.5,
    "currency": "USD",
    "payment_method": "Bank Transfer",
    "entry_method": "contactless",
    "processor": "PROC-998877",
    "timestamp": "2025-11-01T19:30:00Z",
    "auth_code": "123456",
    "upd_timestamp": "2025-11-01T19:30:00Z"
  },
  "settlement": {
    "settlement_id": "SET-6789",
    "batch_id": "BATCH-1002",
    "net_amount": 12,
    "currency": "USD",
    "date": "2025-11-02",
    "bank_ref": "BANK-ABC-12345",
    "timestamp": "2025-11-01T19:30:00Z",
    "status_code": "COMPLETE",
    "upd_timestamp": "2025-11-01T19:30:00Z"
  },
  "funding": {
    "id": "FUND-333",
    "bank_account_id": "ACCT-9876",
    "funded_amount": 12,
    "deposist_id": "deposit-001",
    "currency": "USD",
    "timestamp": "2025-11-03T10:00:00Z",
    "upd_timestamp": "2025-11-01T19:30:00Z"
  },
  "fees": [
    {
      "fee_id": "FEE-45",
      "fee_type": "transaction_rate",
      "fee_amount": 0.3,
      "fee_currency": "USD"
    },
    {
      "fee_id": "FEE-46",
      "fee_type": "interchange",
      "fee_amount": 0.2,
      "fee_currency": "USD"
    }
  ],
  "chargebacks": [
    {
      "id": "CB-112233",
      "amount": 12.5,
      "reason_code": "30",
      "timestamp": "2025-11-10T09:00:00Z",
      "status": "pending_merchant_response"
    }
  ]
}
